fsa,area,risk_ratio,risk_level,ev_count,years_to_overload_conservative,risk_conservative_1yr,risk_conservative_3yr,risk_conservative_5yr,risk_conservative_10yr,years_to_overload_moderate,risk_moderate_1yr,risk_moderate_3yr,risk_moderate_5yr,risk_moderate_10yr,years_to_overload_aggressive,risk_aggressive_1yr,risk_aggressive_3yr,risk_aggressive_5yr,risk_aggressive_10yr,forecast_urgency,latitude,longitude,predicted_years_to_overload
L0A,West Northumberland County (Millbrook),0.8048275673610377,Warning,270,,0.806,0.808,0.812,0.83,,0.807,0.812,0.822,0.897,10.0,0.807,0.816,0.837,1.078,Safe 10+ Years,44.1263,-78.5193,11.0
L0B,East Durham Regional Municipality (Orono),0.8039887417384326,Warning,252,,0.805,0.807,0.81,0.825,,0.805,0.81,0.818,0.88,10.0,0.806,0.813,0.83,1.03,Safe 10+ Years,44.0773,-78.7465,11.2
L0C,West Durham Regional Municipality (Sunderland),0.803848149694031,Warning,169,,0.805,0.807,0.81,0.824,,0.805,0.809,0.817,0.877,10.0,0.806,0.813,0.829,1.022,Safe 10+ Years,44.2094,-79.0725,11.1
L0E,Lake Simcoe Southeast Shore (Sutton West),0.8090420294237745,Warning,294,,0.811,0.816,0.822,0.856,,0.812,0.822,0.841,0.982,8.0,0.814,0.831,0.869,1.321,Safe 10+ Years,44.3199,-79.2778,10.7
L0G,Ontario Centre (Queensville),0.8193627782531445,Warning,988,,0.823,0.833,0.848,0.92,8.0,0.826,0.848,0.887,1.189,6.0,0.829,0.865,0.947,1.917,6-10 Years,44.0586,-79.6235,8.1
L0H,Whitby Region (Gormley),0.8019516508451169,Warning,24,,0.802,0.803,0.805,0.812,,0.803,0.805,0.809,0.839,,0.803,0.807,0.815,0.913,Safe 10+ Years,43.9023,-79.1554,11.0
L0J,North Peel Regional Municipality (Kleinburg),0.8226451471216786,Warning,189,,0.827,0.839,0.856,0.94,8.0,0.831,0.856,0.902,1.255,6.0,0.834,0.876,0.972,2.106,6-10 Years,43.8566,-79.6485,7.9
L0K,Lake Simcoe North Shore (Coldwater),0.8031324318507788,Warning,532,,0.804,0.805,0.808,0.819,,0.804,0.808,0.814,0.863,,0.805,0.811,0.824,0.981,Safe 10+ Years,44.6233,-79.1235,11.0
L0L,Lake Simcoe West Shore (Oro),0.8044813481535567,Warning,844,,0.805,0.808,0.811,0.828,,0.806,0.811,0.82,0.89,10.0,0.807,0.815,0.834,1.058,Safe 10+ Years,44.4548,-79.7352,11.0
L0M,Georgian Bay South Shore (Angus),0.80361649324157,Warning,413,,0.804,0.806,0.809,0.822,,0.805,0.809,0.816,0.873,10.0,0.805,0.812,0.827,1.009,Safe 10+ Years,44.3269,-80.0333,11.0
L0N,Dufferin County (Shelburne),0.8019320452498501,Warning,46,,0.802,0.803,0.805,0.812,,0.803,0.805,0.809,0.839,,0.803,0.807,0.815,0.911,Safe 10+ Years,44.0317,-80.2068,11.0
L0P,Halton Regional Municipality (Campbellville),0.8113867555880112,Warning,268,,0.814,0.82,0.828,0.871,10.0,0.815,0.828,0.851,1.029,8.0,0.817,0.838,0.886,1.457,6-10 Years,43.4906,-79.9998,9.7
L0R,East Haldimand County (Waterdown),0.8061985922316177,Warning,1532,,0.807,0.811,0.815,0.838,,0.808,0.815,0.828,0.925,9.0,0.809,0.821,0.847,1.157,Safe 10+ Years,43.1607,-79.7463,11.0
L0S,Niagara Regional Municipality (Fonthill),0.8063078944634003,Warning,1279,,0.808,0.811,0.816,0.839,,0.809,0.816,0.828,0.927,9.0,0.809,0.821,0.848,1.164,Safe 10+ Years,42.9071,-79.0832,10.9
L1A,Port Hope,0.8039976865933838,Warning,215,,0.805,0.807,0.81,0.825,,0.805,0.81,0.818,0.88,10.0,0.806,0.813,0.83,1.031,Safe 10+ Years,44.0168,-78.3995,11.1
L1B,Bowmanville East,0.830848623594024,Warning,229,,0.837,0.853,0.877,0.991,7.0,0.842,0.876,0.938,1.42,5.0,0.846,0.904,1.034,2.579,6-10 Years,43.9235,-78.5457,7.0
L1C,Bowmanville West,0.8079293872451928,Warning,811,,0.81,0.814,0.82,0.849,,0.811,0.82,0.836,0.959,8.0,0.812,0.827,0.86,1.257,Safe 10+ Years,43.9714,-78.7095,11.0
L1E,Courtice,0.8164830039878688,Warning,444,,0.82,0.828,0.841,0.902,9.0,0.822,0.841,0.874,1.131,7.0,0.825,0.856,0.925,1.75,6-10 Years,43.8969,-78.7683,8.7
L1G,Oshawa Central,0.8075405613711408,Warning,417,,0.809,0.813,0.819,0.847,,0.81,0.819,0.834,0.952,9.0,0.811,0.825,0.857,1.235,Safe 10+ Years,43.9233,-78.8684,11.0
L1H,Oshawa Southeast,0.8073775025774637,Warning,383,,0.809,0.813,0.818,0.846,,0.81,0.818,0.833,0.948,9.0,0.811,0.825,0.856,1.225,Safe 10+ Years,43.9721,-78.8837,11.1
L1J,Oshawa Southwest,0.810439566841836,Warning,599,,0.813,0.818,0.826,0.865,10.0,0.814,0.826,0.847,1.01,8.0,0.816,0.835,0.879,1.402,6-10 Years,43.8852,-78.8771,9.8
L1K,Oshawa East,0.8162421779075043,Warning,786,,0.819,0.828,0.84,0.901,9.0,0.822,0.84,0.873,1.127,7.0,0.824,0.855,0.923,1.737,6-10 Years,43.9251,-78.8287,8.9
L1L,Oshawa North,0.826453739319362,Warning,472,,0.832,0.846,0.866,0.964,7.0,0.836,0.865,0.919,1.332,5.0,0.84,0.889,1.001,2.325,6-10 Years,43.9581,-78.8972,7.2
L1M,Whitby North,0.8211072532792518,Warning,543,,0.825,0.836,0.853,0.931,8.0,0.828,0.852,0.895,1.224,6.0,0.832,0.871,0.96,2.017,6-10 Years,43.9566,-78.9779,7.9
L1N,Whitby Southeast,0.8135654196980362,Warning,859,,0.816,0.823,0.834,0.884,9.0,0.818,0.833,0.861,1.073,7.0,0.82,0.846,0.903,1.582,6-10 Years,43.8721,-78.9273,9.0
L1P,Whitby Southwest,0.8353084812746314,Warning,759,10.0,0.842,0.861,0.888,1.019,6.0,0.848,0.887,0.958,1.51,5.0,0.853,0.919,1.068,2.836,6-10 Years,43.8866,-78.975,6.2
L1R,Whitby Central,0.8212239363265499,Warning,872,,0.825,0.837,0.853,0.931,8.0,0.829,0.852,0.895,1.227,6.0,0.832,0.872,0.961,2.024,6-10 Years,43.9215,-78.9412,8.2
L1S,Ajax Southwest,0.8153786996215379,Warning,715,,0.818,0.827,0.838,0.895,9.0,0.821,0.838,0.869,1.109,7.0,0.823,0.852,0.917,1.687,6-10 Years,43.8404,-79.0251,9.2
L1T,Ajax Northwest,0.8220309951568484,Warning,992,,0.826,0.838,0.855,0.936,8.0,0.83,0.854,0.899,1.243,6.0,0.833,0.874,0.967,2.07,6-10 Years,43.8843,-79.0534,8.0
L1V,Pickering Southwest,0.8120867210292142,Warning,993,,0.815,0.821,0.83,0.875,10.0,0.816,0.83,0.854,1.043,7.0,0.818,0.841,0.892,1.497,6-10 Years,43.8605,-79.1618,10.2
L1W,Pickering South,0.8159837303338279,Warning,432,,0.819,0.828,0.84,0.899,9.0,0.822,0.839,0.872,1.121,7.0,0.824,0.854,0.921,1.722,6-10 Years,43.8197,-79.0803,8.6
L1X,Pickering Central,0.8254006101793984,Warning,802,,0.83,0.844,0.863,0.957,7.0,0.834,0.862,0.914,1.311,6.0,0.838,0.886,0.993,2.265,6-10 Years,43.8558,-79.0972,7.0
L1Y,Pickering North,0.8068131394625806,Warning,84,,0.808,0.812,0.817,0.842,,0.809,0.817,0.831,0.937,9.0,0.81,0.823,0.852,1.193,Safe 10+ Years,43.9555,-79.1194,11.0
L1Z,Ajax East,0.8303372543953412,Warning,837,,0.836,0.852,0.875,0.988,7.0,0.841,0.875,0.936,1.41,5.0,0.846,0.902,1.03,2.549,6-10 Years,43.8773,-79.0055,6.9
L2A,Fort Erie,0.903114753729732,Warning,196,4.0,0.924,0.978,1.057,1.438,3.0,0.939,1.054,1.262,2.873,2.0,0.955,1.148,1.583,6.746,3-5 Years,42.9001,-78.9329,3.1
L2E,Niagara Falls Central,0.8182977860623506,Warning,176,,0.822,0.832,0.846,0.913,8.0,0.825,0.845,0.882,1.168,6.0,0.827,0.862,0.939,1.855,6-10 Years,43.0537,-79.1018,8.0
L2G,Niagara Falls Southeast,0.8278077369866582,Warning,353,,0.833,0.848,0.869,0.972,7.0,0.838,0.868,0.925,1.359,5.0,0.842,0.894,1.011,2.404,6-10 Years,43.0696,-79.0818,7.1
L2H,Niagara Falls West,0.8702076793655373,Warning,477,6.0,0.884,0.921,0.975,1.235,4.0,0.895,0.973,1.115,2.212,3.0,0.905,1.037,1.333,4.849,3-5 Years,43.1009,-79.1379,3.7
L2J,Niagara Falls North,0.8407946061572015,Warning,155,9.0,0.849,0.87,0.902,1.053,6.0,0.855,0.9,0.983,1.62,4.0,0.861,0.938,1.11,3.152,6-10 Years,43.1296,-79.1034,6.1
L2M,St. Catharines Northeast,0.8318109921730197,Warning,263,,0.838,0.855,0.879,0.997,7.0,0.843,0.878,0.943,1.44,5.0,0.848,0.907,1.042,2.634,6-10 Years,43.196,-79.2161,7.1
L2N,St. Catharines Northwest,0.8516045462292801,Warning,379,8.0,0.862,0.889,0.928,1.12,5.0,0.87,0.927,1.031,1.838,4.0,0.877,0.974,1.192,3.776,3-5 Years,43.1923,-79.2559,5.0
L2P,St. Catharines East,0.8611862647320988,Warning,167,7.0,0.873,0.906,0.952,1.179,4.0,0.883,0.951,1.074,2.03,3.0,0.892,1.007,1.265,4.328,3-5 Years,43.1527,-79.2091,4.1
L2R,St. Catharines Central,0.834251672684411,Warning,430,10.0,0.841,0.859,0.885,1.012,6.0,0.846,0.884,0.954,1.489,5.0,0.851,0.916,1.06,2.775,6-10 Years,43.1419,-79.2966,6.2
L2S,St. Catharines Southwest,0.8690994978360401,Warning,247,6.0,0.883,0.919,0.972,1.228,4.0,0.893,0.97,1.11,2.189,3.0,0.904,1.033,1.325,4.785,3-5 Years,43.1447,-79.2634,4.1
L2T,St. Catharines South,0.8475859268000999,Warning,173,8.0,0.857,0.882,0.918,1.095,5.0,0.864,0.917,1.013,1.757,4.0,0.871,0.961,1.161,3.544,3-5 Years,43.1313,-79.2317,4.9
L2V,St. Catharines Southeast,0.8594222028044086,Warning,361,7.0,0.871,0.903,0.948,1.168,5.0,0.88,0.946,1.066,1.995,3.0,0.889,1.001,1.251,4.227,3-5 Years,43.1142,-79.2035,5.0
L2W,St. Catharines West,0.854123276859015,Warning,35,8.0,0.865,0.894,0.935,1.135,5.0,0.873,0.933,1.043,1.888,4.0,0.881,0.983,1.211,3.921,3-5 Years,43.1688,-79.2794,5.0
L3B,Welland East,1.88095949167911,Overload,290,0.0,2.097,2.668,3.49,7.493,0.0,2.259,3.46,5.647,22.534,0.0,2.421,4.448,9.009,63.134,Overloaded Now,42.9878,-79.2219,-0.0
L3P,Markham Central,6.441946023625687,Overload,1061,0.0,7.57,10.549,14.839,35.733,0.0,8.417,14.681,26.099,114.24,0.0,9.263,19.842,43.644,326.143,Overloaded Now,43.8769,-79.2686,-0.1
L3R,Markham Outer Southwest,7.2044510236759285,Overload,2084,0.0,8.485,11.867,16.736,40.455,0.0,9.446,16.557,29.518,129.571,0.0,10.407,22.415,49.434,370.113,Overloaded Now,43.8479,-79.3288,-0.1
L3S,Markham Southeast,17.392419112807687,Overload,946,0.0,20.711,29.472,42.087,103.536,0.0,23.2,41.624,75.201,334.416,0.0,25.689,56.799,126.799,957.602,Overloaded Now,43.8486,-79.2617,-0.1
L3T,Thornhill East,8.994657388353366,Overload,1380,0.0,10.634,14.96,21.191,51.539,0.0,11.863,20.962,37.545,165.566,0.0,13.092,28.457,63.028,473.345,Overloaded Now,43.8227,-79.3946,0.0
L3V,Orillia,2.6120504921141188,Overload,536,0.0,2.974,3.931,5.309,12.02,0.0,3.246,5.258,8.925,37.234,0.0,3.518,6.916,14.56,105.292,Overloaded Now,44.6087,-79.4207,-0.1
L3X,Newmarket Southwest,2.557153194871902,Overload,1456,0.0,2.909,3.836,5.172,11.68,0.0,3.172,5.123,8.679,36.13,0.0,3.436,6.73,14.143,102.126,Overloaded Now,44.0433,-79.4912,-0.0
L3Y,Newmarket Northeast,11.740324571428571,Overload,1058,0.0,13.928,19.705,28.023,68.54,0.0,15.569,27.717,49.857,220.772,0.0,17.21,37.724,83.878,631.674,Overloaded Now,44.0565,-79.4555,0.0
L3Z,Bradford,2.6816349888531152,Overload,945,0.0,3.058,4.051,5.482,12.451,0.0,3.34,5.43,9.237,38.633,0.0,3.622,7.151,15.089,109.305,Overloaded Now,44.1168,-79.5663,-0.1
L4A,Stouffville,0.8584867632231877,Warning,1818,7.0,0.87,0.901,0.946,1.162,5.0,0.879,0.944,1.062,1.976,4.0,0.888,0.997,1.244,4.173,3-5 Years,43.9668,-79.2496,5.0
L4B,Richmond Hill Southeast,0.8444877298992229,Warning,1711,9.0,0.853,0.877,0.911,1.075,6.0,0.86,0.909,0.999,1.694,4.0,0.867,0.95,1.138,3.365,6-10 Years,43.8582,-79.3985,6.0
L4C,Richmond Hill Southwest,0.8285829108316969,Warning,2189,,0.834,0.849,0.871,0.977,7.0,0.839,0.87,0.928,1.375,5.0,0.843,0.896,1.017,2.448,6-10 Years,43.8669,-79.4414,6.9
L4E,Richmond Hill North,0.8263654867829265,Warning,2268,,0.832,0.846,0.866,0.963,7.0,0.836,0.865,0.918,1.33,5.0,0.84,0.889,1.0,2.32,6-10 Years,43.9394,-79.4349,7.2
L4G,Aurora,0.8269712020610278,Warning,2308,,0.832,0.847,0.867,0.967,7.0,0.836,0.866,0.921,1.342,5.0,0.84,0.891,1.005,2.355,6-10 Years,44.0001,-79.4663,7.0
L4H,Woodbridge North,0.8330447962654438,Warning,2125,10.0,0.84,0.857,0.882,1.005,6.0,0.845,0.881,0.948,1.464,5.0,0.85,0.912,1.051,2.706,6-10 Years,43.8432,-79.5644,6.3
L4J,Thornhill West,0.8271871274027014,Warning,2020,,0.833,0.847,0.868,0.968,7.0,0.837,0.867,0.922,1.347,5.0,0.841,0.892,1.006,2.368,6-10 Years,43.8156,-79.4534,7.0
L4K,Concord,0.8240040615467356,Warning,996,,0.829,0.841,0.86,0.949,8.0,0.832,0.859,0.908,1.283,6.0,0.836,0.881,0.982,2.184,6-10 Years,43.8001,-79.4829,7.7
L4L,Woodbridge South,0.8183612680280773,Warning,1078,,0.822,0.832,0.846,0.914,8.0,0.825,0.845,0.882,1.169,6.0,0.828,0.862,0.939,1.859,6-10 Years,43.8064,-79.5995,8.2
L4M,Barrie North,0.8120672183373785,Warning,728,,0.814,0.821,0.83,0.875,10.0,0.816,0.83,0.854,1.043,7.0,0.818,0.841,0.892,1.496,6-10 Years,44.4001,-79.6663,9.7
L4N,Barrie South,0.8162025346529783,Warning,1516,,0.819,0.828,0.84,0.9,9.0,0.822,0.84,0.873,1.126,7.0,0.824,0.855,0.923,1.734,6-10 Years,44.3572,-79.6929,8.8
L4P,Keswick,0.8284034807818108,Warning,574,,0.834,0.849,0.871,0.976,7.0,0.838,0.87,0.927,1.371,5.0,0.843,0.896,1.016,2.438,6-10 Years,44.2501,-79.4663,7.1
L4R,Midland,0.80850940535572,Warning,170,,0.81,0.815,0.821,0.853,,0.811,0.821,0.838,0.971,8.0,0.813,0.829,0.865,1.291,Safe 10+ Years,44.7501,-79.883,10.8
L4S,Richmond Hill Central,0.8487128330565016,Warning,1583,8.0,0.858,0.884,0.921,1.102,5.0,0.866,0.92,1.018,1.779,4.0,0.873,0.964,1.17,3.609,3-5 Years,43.8985,-79.4143,5.2
L4T,Mississauga (Malton),0.8134582730973486,Warning,271,,0.816,0.823,0.833,0.883,9.0,0.818,0.833,0.86,1.071,7.0,0.82,0.845,0.902,1.576,6-10 Years,43.7139,-79.6434,9.3
L4W,Mississauga (Matheson / East Rathwood),0.8247633961649421,Warning,884,,0.83,0.843,0.862,0.953,7.0,0.833,0.861,0.911,1.298,6.0,0.837,0.884,0.988,2.228,6-10 Years,43.6413,-79.6296,7.1
L4X,Mississauga (East Applewood / East Dixie / NE Lakeview),0.8131348670592982,Warning,181,,0.816,0.823,0.833,0.881,10.0,0.818,0.832,0.859,1.064,7.0,0.82,0.844,0.9,1.557,6-10 Years,43.6178,-79.5786,9.8
L4Y,Mississauga (West Applewood / West Dixie / NW Lakeview),0.8200607889852883,Warning,471,,0.824,0.835,0.85,0.924,8.0,0.827,0.849,0.89,1.203,6.0,0.83,0.868,0.952,1.957,6-10 Years,43.6028,-79.5929,7.9
L4Z,Mississauga (West Rathwood / East Hurontario / SE Gateway),0.8194954861322232,Warning,651,,0.823,0.834,0.849,0.921,8.0,0.826,0.848,0.887,1.192,6.0,0.829,0.866,0.948,1.924,6-10 Years,43.6192,-79.6538,7.9
L5A,Mississauga (Mississauga Valleys / East Cooksville),0.8220289618331961,Warning,399,,0.826,0.838,0.855,0.936,8.0,0.83,0.854,0.899,1.243,6.0,0.833,0.874,0.967,2.07,6-10 Years,43.5883,-79.6091,8.1
L5B,Mississauga (West Cooksville / Fairview / City Centre / East Creditview),0.8317140531494671,Warning,893,,0.838,0.855,0.879,0.996,7.0,0.843,0.878,0.942,1.438,5.0,0.848,0.907,1.041,2.629,6-10 Years,43.5771,-79.6306,7.1
L5C,Mississauga (West Creditview / Mavis / Erindale),0.8252222436666639,Warning,606,,0.83,0.844,0.863,0.956,7.0,0.834,0.862,0.913,1.307,6.0,0.838,0.885,0.992,2.254,6-10 Years,43.5624,-79.6504,7.3
L5E,Mississauga (Central Lakeview),0.8256267093307919,Warning,263,,0.831,0.844,0.864,0.959,7.0,0.835,0.863,0.915,1.315,6.0,0.838,0.886,0.995,2.278,6-10 Years,43.5836,-79.561,7.5
L5G,Mississauga (SW Lakeview / Mineola / East Port Credit),0.8331738092142865,Warning,615,10.0,0.84,0.857,0.883,1.005,6.0,0.845,0.882,0.949,1.467,5.0,0.85,0.912,1.052,2.713,6-10 Years,43.5647,-79.5852,6.3
L5H,Mississauga (West Port Credit / Lorne Park / East Sheridan),0.8298198541426777,Warning,769,,0.836,0.852,0.874,0.985,7.0,0.84,0.873,0.934,1.4,5.0,0.845,0.901,1.026,2.52,6-10 Years,43.5419,-79.6164,7.1
L5J,Mississauga (Clarkson / Southdown),0.8185969034202267,Warning,560,,0.822,0.832,0.846,0.915,8.0,0.825,0.846,0.883,1.174,6.0,0.828,0.863,0.941,1.872,6-10 Years,43.5102,-79.6296,8.1
L5K,Mississauga (West Sheridan),0.8323417773002428,Warning,313,10.0,0.839,0.856,0.88,1.0,7.0,0.844,0.88,0.945,1.45,5.0,0.849,0.909,1.046,2.665,6-10 Years,43.5272,-79.6617,6.9
L5L,Mississauga (Erin Mills / Western Business Park),0.8230123901662295,Warning,892,,0.828,0.84,0.857,0.942,8.0,0.831,0.857,0.903,1.263,6.0,0.835,0.878,0.975,2.127,6-10 Years,43.5373,-79.6903,8.0
L5M,Mississauga (Churchill Meadows / Central Erin Mills / South Streetsville),0.8342670558201294,Warning,2521,10.0,0.841,0.859,0.885,1.012,6.0,0.846,0.884,0.954,1.489,5.0,0.851,0.916,1.06,2.776,6-10 Years,43.5637,-79.7202,6.1
L5N,Mississauga (Lisgar / Meadowvale),0.8300720822929197,Warning,1704,,0.836,0.852,0.875,0.986,7.0,0.841,0.874,0.935,1.405,5.0,0.845,0.901,1.028,2.534,6-10 Years,43.5924,-79.7611,6.9
L5R,Mississauga (West Hurontario / SW Gateway),0.8326131503377747,Warning,717,10.0,0.839,0.856,0.881,1.002,7.0,0.844,0.88,0.946,1.456,5.0,0.849,0.91,1.048,2.681,6-10 Years,43.606,-79.6708,7.0
L5V,Mississauga (East Credit),0.8304158464289666,Warning,971,,0.836,0.853,0.876,0.988,7.0,0.841,0.875,0.936,1.412,5.0,0.846,0.903,1.031,2.554,6-10 Years,43.5972,-79.6931,7.1
L5W,Mississauga (Meadowvale Village / West Gateway),0.8428632097647542,Warning,604,9.0,0.851,0.874,0.907,1.065,6.0,0.858,0.905,0.992,1.662,4.0,0.864,0.945,1.125,3.272,6-10 Years,43.6313,-79.7148,5.9
L6A,Maple,0.829968085901577,Warning,2326,,0.836,0.852,0.875,0.986,7.0,0.84,0.874,0.934,1.403,5.0,0.845,0.901,1.028,2.528,6-10 Years,43.8501,-79.5163,6.8
L6B,Markham East,0.8450028101322654,Warning,1263,9.0,0.854,0.878,0.912,1.079,5.0,0.861,0.911,1.002,1.705,4.0,0.868,0.952,1.142,3.395,3-5 Years,43.9007,-79.2175,5.2
L6C,Markham Northwest,0.8687932385009084,Warning,2747,6.0,0.883,0.919,0.971,1.226,4.0,0.893,0.969,1.108,2.183,3.0,0.903,1.032,1.322,4.767,3-5 Years,43.9045,-79.3392,4.1
L6E,Markham Northeast,0.8511889705444882,Warning,1207,8.0,0.861,0.888,0.927,1.117,5.0,0.869,0.926,1.03,1.829,4.0,0.877,0.973,1.189,3.752,3-5 Years,43.9002,-79.2676,5.0
L6G,Markham Inner Southwest,0.909705513163448,Warning,420,4.0,0.932,0.99,1.073,1.479,3.0,0.948,1.07,1.292,3.006,2.0,0.965,1.17,1.633,7.126,3-5 Years,43.8485,-79.3346,2.7
L6H,Oakville North,0.8396162913977694,Warning,3229,9.0,0.848,0.868,0.899,1.045,6.0,0.853,0.897,0.978,1.597,4.0,0.859,0.934,1.101,3.084,6-10 Years,43.4881,-79.7098,6.1
L6J,Oakville Northeast,0.8366050129971586,Warning,1541,10.0,0.844,0.863,0.891,1.027,6.0,0.849,0.89,0.964,1.536,5.0,0.855,0.924,1.078,2.911,6-10 Years,43.4757,-79.6591,6.1
L6K,Oakville East,0.8273033614822585,Warning,485,,0.833,0.847,0.868,0.969,7.0,0.837,0.867,0.922,1.349,5.0,0.841,0.892,1.007,2.374,6-10 Years,43.4396,-79.6878,6.9
L6L,Oakville South,0.8289042474019005,Warning,1307,,0.835,0.85,0.872,0.979,7.0,0.839,0.871,0.93,1.381,5.0,0.843,0.898,1.019,2.467,6-10 Years,43.4032,-79.7186,6.9
L6M,Oakville West,0.844314659947789,Warning,2940,9.0,0.853,0.877,0.91,1.074,6.0,0.86,0.909,0.999,1.691,4.0,0.866,0.95,1.137,3.355,6-10 Years,43.4464,-79.7593,6.1
L6P,Brampton North,0.8475070079648827,Warning,2054,8.0,0.857,0.882,0.918,1.094,5.0,0.864,0.917,1.013,1.755,4.0,0.871,0.96,1.161,3.539,3-5 Years,43.7942,-79.7021,5.1
L6R,Brampton Northwest,0.826364122204064,Warning,1361,,0.832,0.846,0.866,0.963,7.0,0.836,0.865,0.918,1.33,5.0,0.84,0.889,1.0,2.32,6-10 Years,43.7592,-79.7605,7.1
L6S,Brampton North Central,0.8194560291644238,Warning,649,,0.823,0.834,0.848,0.92,8.0,0.826,0.848,0.887,1.191,6.0,0.829,0.866,0.948,1.922,6-10 Years,43.7379,-79.726,8.1
L6T,Brampton East,0.8190757507907208,Warning,537,,0.823,0.833,0.847,0.918,8.0,0.826,0.847,0.886,1.184,6.0,0.829,0.864,0.945,1.9,6-10 Years,43.7196,-79.6854,8.0
L6V,Brampton Central,0.8192432978254494,Warning,436,,0.823,0.833,0.848,0.919,8.0,0.826,0.847,0.886,1.187,6.0,0.829,0.865,0.946,1.91,6-10 Years,43.7059,-79.7626,8.1
L6W,Brampton Southeast,0.8164656910160742,Warning,325,,0.82,0.828,0.841,0.902,9.0,0.822,0.841,0.874,1.131,7.0,0.825,0.856,0.925,1.749,6-10 Years,43.68,-79.7273,9.2
L6X,Brampton Southwest,0.8271067945222372,Warning,1342,,0.833,0.847,0.867,0.968,7.0,0.837,0.867,0.922,1.345,5.0,0.841,0.891,1.006,2.363,6-10 Years,43.6665,-79.8054,7.1
L6Y,Brampton South,0.8287364439508332,Warning,1791,,0.834,0.85,0.872,0.978,7.0,0.839,0.871,0.929,1.378,5.0,0.843,0.897,1.018,2.457,6-10 Years,43.6249,-79.7876,7.0
L6Z,Brampton West Central,0.819160868797841,Warning,454,,0.823,0.833,0.848,0.919,8.0,0.826,0.847,0.886,1.185,6.0,0.829,0.865,0.946,1.905,6-10 Years,43.7328,-79.7953,8.1
L7A,Brampton West,0.8331413331346014,Warning,1929,10.0,0.84,0.857,0.882,1.005,6.0,0.845,0.882,0.949,1.466,5.0,0.85,0.912,1.052,2.711,6-10 Years,43.6909,-79.8377,6.0
L7B,King City,0.8136441825638542,Warning,827,,0.816,0.824,0.834,0.884,9.0,0.818,0.834,0.861,1.074,7.0,0.82,0.846,0.904,1.587,6-10 Years,43.9286,-79.5269,9.0
L7C,Caledon,0.8709150961719545,Warning,1356,6.0,0.885,0.923,0.976,1.239,4.0,0.896,0.974,1.118,2.226,3.0,0.906,1.039,1.339,4.889,3-5 Years,43.8753,-79.8558,4.1
L7E,Bolton,0.8292350603154952,Warning,759,,0.835,0.851,0.873,0.981,7.0,0.839,0.872,0.931,1.388,5.0,0.844,0.899,1.022,2.486,6-10 Years,43.8795,-79.7379,6.9
L7G,Georgetown,0.8179366963650965,Warning,1098,,0.822,0.831,0.845,0.911,9.0,0.824,0.844,0.88,1.161,6.0,0.827,0.861,0.936,1.834,6-10 Years,43.6501,-79.9163,8.8
L7J,Acton,0.8061715129707459,Warning,247,,0.807,0.811,0.815,0.838,,0.808,0.815,0.828,0.924,9.0,0.809,0.821,0.847,1.156,Safe 10+ Years,43.6297,-80.0415,10.7
L7K,Caledon Village,0.8402310467994881,Warning,271,9.0,0.848,0.87,0.9,1.049,6.0,0.854,0.899,0.98,1.609,4.0,0.86,0.936,1.106,3.12,6-10 Years,43.8602,-79.996,6.1
L7L,Burlington Northeast,0.8239284695998681,Warning,1340,,0.829,0.841,0.86,0.948,8.0,0.832,0.859,0.907,1.281,6.0,0.836,0.881,0.982,2.18,6-10 Years,43.3799,-79.7668,8.0
L7M,Burlington North,0.8169038973715987,Warning,1404,,0.82,0.829,0.842,0.905,9.0,0.823,0.842,0.876,1.14,7.0,0.825,0.857,0.928,1.775,6-10 Years,43.4342,-79.8701,9.0
L7N,Burlington East,0.8206022055819774,Warning,379,,0.825,0.836,0.851,0.928,8.0,0.828,0.851,0.892,1.214,6.0,0.831,0.87,0.956,1.988,6-10 Years,43.3512,-79.784,8.2
L7P,Burlington West,0.8204731832877814,Warning,750,,0.825,0.835,0.851,0.927,8.0,0.828,0.85,0.892,1.212,6.0,0.831,0.869,0.955,1.981,6-10 Years,43.3806,-79.886,8.1
L7R,Burlington Southeast,0.8151348572986256,Warning,487,,0.818,0.826,0.838,0.894,9.0,0.82,0.837,0.868,1.104,7.0,0.823,0.851,0.915,1.673,6-10 Years,43.375,-79.8434,8.8
L7S,Burlington South,0.8169439837246644,Warning,236,,0.82,0.829,0.842,0.905,9.0,0.823,0.842,0.876,1.141,7.0,0.825,0.857,0.929,1.777,6-10 Years,43.323,-79.8092,8.8
L7T,Burlington Southwest,0.8181971268450159,Warning,445,,0.822,0.831,0.845,0.913,8.0,0.825,0.845,0.882,1.166,6.0,0.827,0.861,0.938,1.849,6-10 Years,43.3081,-79.8507,8.0
L8B,Waterdown,1.0971047208145357,Overload,768,0.0,1.157,1.313,1.539,2.64,0.0,1.201,1.531,2.132,6.774,0.0,1.246,1.803,3.056,17.933,Overloaded Now,43.3334,-79.8829,-0.0
L8E,Hamilton (Confederation Park / Nashdale / East Kentley / Riverdale / Lakely / Grayside / North Stoney Creek),0.8478713991303723,Warning,767,8.0,0.857,0.883,0.919,1.096,5.0,0.865,0.918,1.015,1.763,4.0,0.872,0.962,1.164,3.561,3-5 Years,43.2245,-79.6988,5.1
L8G,Hamilton (Greenford / North Gershome / West Stoney Creek),0.8408043932368331,Warning,274,9.0,0.849,0.871,0.902,1.053,6.0,0.855,0.9,0.983,1.62,4.0,0.861,0.938,1.11,3.153,6-10 Years,43.2164,-79.7423,6.0
L8H,Hamilton (West Kentley / McQuesten / Parkview / Hamilton Beach / East Industrial Sector / Normanhurst / Homeside / East Crown Point),0.8167787649677949,Warning,222,,0.82,0.829,0.842,0.904,9.0,0.823,0.841,0.875,1.137,7.0,0.825,0.857,0.927,1.768,6-10 Years,43.2596,-79.7925,8.9
L8J,Hamilton (East Albion Falls / South Stoney Creek),0.8848873045037766,Warning,561,5.0,0.902,0.947,1.011,1.326,3.0,0.915,1.009,1.181,2.507,3.0,0.927,1.086,1.445,5.695,3-5 Years,43.1836,-79.721,3.1
L8K,Hamilton (East Delta / Bartonville / Glenview / Rosedale / Lower King's Forest / Red Hill / Corman / Vincent / South Gershome),0.83953168492394,Warning,286,9.0,0.847,0.868,0.898,1.045,6.0,0.853,0.897,0.977,1.595,4.0,0.859,0.933,1.1,3.08,6-10 Years,43.2211,-79.7994,5.8
L8L,Hamilton (West Industrial Sector / West Crown Point / North Stipley / North Gibson / Landsdale / Keith / North End / Beasley),0.822766076224096,Warning,290,,0.827,0.839,0.857,0.941,8.0,0.831,0.856,0.902,1.258,6.0,0.834,0.877,0.973,2.113,6-10 Years,43.2783,-79.8344,8.0
L8M,Hamilton (West Delta / Blakeley / South Stipley / South Gibson / St. Clair),0.827724300300546,Warning,130,,0.833,0.848,0.869,0.972,7.0,0.837,0.868,0.924,1.357,5.0,0.842,0.894,1.011,2.399,6-10 Years,43.2441,-79.8359,7.2
L8N,Hamilton (Stinson / Corktown),0.8109724145718163,Warning,160,,0.813,0.819,0.827,0.868,10.0,0.815,0.827,0.849,1.021,8.0,0.816,0.837,0.883,1.433,6-10 Years,43.4017,-80.017,9.9
L8P,Hamilton (Durand / Kirkendall / Chedoke Park),0.8269796259412252,Warning,358,,0.832,0.847,0.867,0.967,7.0,0.836,0.866,0.921,1.342,5.0,0.84,0.891,1.005,2.356,6-10 Years,43.2514,-79.8925,7.2
L8R,Hamilton (Central / Strathcona / South Dundurn),0.81548191282737,Warning,90,,0.819,0.827,0.839,0.896,9.0,0.821,0.838,0.869,1.111,7.0,0.823,0.852,0.918,1.693,6-10 Years,43.2726,-79.8792,8.9
L8S,Hamilton (Westdale / Cootes Paradise / Ainslie Wood),0.8314062033795669,Warning,197,,0.838,0.854,0.878,0.994,7.0,0.842,0.877,0.941,1.431,5.0,0.847,0.906,1.038,2.611,6-10 Years,43.2606,-79.9161,6.7
L8T,Hamilton (Sherwood / Huntington / Upper King's Forest / Lisgar / Berrisfield / Hampton Heights / Sunninghill),0.8539600195373555,Warning,193,8.0,0.865,0.893,0.934,1.134,5.0,0.873,0.933,1.042,1.885,4.0,0.881,0.982,1.21,3.912,3-5 Years,43.2199,-79.8286,5.0
L8V,Hamilton (Raleigh / Macassa / Lawfield / Thorner / Burkholme / Eastmount),0.82281628913148,Warning,136,,0.827,0.839,0.857,0.941,8.0,0.831,0.856,0.902,1.259,6.0,0.834,0.877,0.973,2.116,6-10 Years,43.2266,-79.8499,8.2
L8W,Hamilton (West Albion Falls / Hannon / Rymal / Trenholme / Quinndale / Templemead / Broughton / Eleanor / Randall / Rushdale / Butler / East Chappel),0.8404672942448724,Warning,307,9.0,0.849,0.87,0.901,1.051,6.0,0.855,0.9,0.981,1.614,4.0,0.861,0.937,1.107,3.134,6-10 Years,43.1958,-79.8458,5.9
L9A,Hamilton (Crerar / Bruleville / Hill Park / Inch Park / Centremount / Balfour / Greeningdon / Jerome),0.8100771376859202,Warning,269,,0.812,0.817,0.825,0.862,10.0,0.814,0.825,0.845,1.003,8.0,0.815,0.834,0.877,1.381,6-10 Years,43.2271,-79.871,10.3
L9B,Hamilton (Barnstown / West Chappel / Allison / Ryckmans / Mewburn / Sheldon / Falkirk / Carpenter / Kennedy / Southwest Outskirts),0.8176541188598971,Warning,405,,0.821,0.831,0.844,0.909,9.0,0.824,0.843,0.879,1.155,6.0,0.826,0.86,0.934,1.818,6-10 Years,43.2055,-79.9004,9.0
L9C,Hamilton (Southam / Bonnington / Yeoville / Kernighan / Gourley / Rolston / Buchanan / Mohawk / Westcliffe / Gilbert / Gilkson / Gurnett / Fessenden / Mountview),0.8120615677414701,Warning,526,,0.814,0.821,0.83,0.875,10.0,0.816,0.83,0.854,1.043,7.0,0.818,0.841,0.892,1.496,6-10 Years,43.2313,-79.9049,9.9
L9E,Milton,0.8463326969476329,Warning,941,9.0,0.856,0.88,0.915,1.087,5.0,0.863,0.914,1.008,1.732,4.0,0.869,0.956,1.152,3.472,3-5 Years,43.5168,-79.8829,5.5
L9G,Ancaster West,0.8294891025881314,Warning,864,,0.835,0.851,0.873,0.983,7.0,0.84,0.873,0.932,1.393,5.0,0.844,0.9,1.024,2.5,6-10 Years,43.1836,-79.9902,7.1
L9H,Dundas,0.8203271086876721,Warning,898,,0.824,0.835,0.851,0.926,8.0,0.827,0.85,0.891,1.209,6.0,0.83,0.869,0.954,1.972,6-10 Years,43.2638,-79.9524,7.9
L9J,Barrie,0.8500206173063432,Warning,249,8.0,0.86,0.886,0.924,1.11,5.0,0.868,0.923,1.024,1.806,4.0,0.875,0.969,1.18,3.684,3-5 Years,44.3186,-79.6761,5.2
L9K,Ancaster East,0.8359280061968078,Warning,494,10.0,0.843,0.862,0.889,1.022,6.0,0.849,0.888,0.961,1.522,5.0,0.854,0.921,1.073,2.872,6-10 Years,43.225,-79.9427,6.4
L9L,Port Perry,0.8048665956705778,Warning,251,,0.806,0.808,0.812,0.83,,0.807,0.812,0.822,0.898,10.0,0.807,0.816,0.837,1.081,Safe 10+ Years,44.1068,-78.9444,11.1
L9M,Penetanguishene,0.8094588765027974,Warning,182,,0.811,0.816,0.824,0.859,,0.813,0.823,0.842,0.99,8.0,0.814,0.832,0.872,1.345,Safe 10+ Years,44.7834,-79.9164,11.0
L9N,Holland Landing,0.8312041944580645,Warning,980,,0.837,0.854,0.878,0.993,7.0,0.842,0.877,0.94,1.427,5.0,0.847,0.905,1.037,2.599,6-10 Years,44.1149,-79.5014,6.8
L9P,Uxbridge,0.8072496564096117,Warning,424,,0.809,0.813,0.818,0.845,,0.81,0.818,0.833,0.946,9.0,0.811,0.824,0.855,1.218,Safe 10+ Years,44.1001,-79.1163,10.9
L9R,Alliston,0.8082003641321295,Warning,425,,0.81,0.814,0.82,0.851,,0.811,0.82,0.837,0.965,8.0,0.812,0.828,0.862,1.273,Safe 10+ Years,44.1501,-79.8663,10.6
L9S,Innisfil,0.8255139250076344,Warning,736,,0.831,0.844,0.863,0.958,7.0,0.834,0.863,0.914,1.313,6.0,0.838,0.886,0.994,2.271,6-10 Years,44.3001,-79.6496,7.1
L9T,Milton,0.8363460811934675,Warning,2857,10.0,0.844,0.863,0.89,1.025,6.0,0.849,0.889,0.963,1.531,5.0,0.855,0.923,1.076,2.896,6-10 Years,43.5148,-79.884,6.0
L9V,Orangeville North,0.8123192432561626,Warning,300,,0.815,0.821,0.831,0.876,10.0,0.817,0.83,0.855,1.048,7.0,0.818,0.842,0.894,1.51,6-10 Years,43.9597,-80.1079,9.8
L9W,Orangeville South,0.81582598683485,Warning,881,,0.819,0.827,0.839,0.898,9.0,0.821,0.839,0.871,1.118,7.0,0.824,0.853,0.92,1.713,6-10 Years,43.9702,-80.016,8.7
L9Y,Collingwood,0.8122586349249495,Warning,631,,0.815,0.821,0.831,0.876,10.0,0.817,0.83,0.855,1.046,7.0,0.818,0.841,0.893,1.507,6-10 Years,44.4834,-80.2164,9.6
L9Z,Wasaga Beach,0.8111418800460494,Warning,332,,0.813,0.819,0.828,0.869,10.0,0.815,0.827,0.85,1.024,8.0,0.817,0.838,0.885,1.442,6-10 Years,44.5168,-80.0164,10.1
M1B,M1B,0.8141625836056031,Warning,791,,0.817,0.824,0.835,0.888,9.0,0.819,0.835,0.864,1.085,7.0,0.821,0.848,0.908,1.617,6-10 Years,43.8087995865,-79.1919349168,8.8
M1C,M1C,0.8194256802010338,Warning,699,,0.823,0.834,0.848,0.92,8.0,0.826,0.848,0.887,1.191,6.0,0.829,0.866,0.948,1.92,6-10 Years,43.7876165959,-79.1557287718,8.0
M1E,M1E,0.8120507478581068,Warning,467,,0.814,0.821,0.83,0.875,10.0,0.816,0.83,0.854,1.042,7.0,0.818,0.841,0.892,1.495,6-10 Years,43.768047502,-79.1869976584,9.8
M1G,M1G,0.8159310611003431,Warning,216,,0.819,0.828,0.84,0.899,9.0,0.822,0.839,0.871,1.12,7.0,0.824,0.854,0.921,1.719,6-10 Years,43.770415368,-79.2171844901,9.1
M1H,M1H,0.8186040166805933,Warning,241,,0.822,0.832,0.846,0.915,8.0,0.825,0.846,0.883,1.174,6.0,0.828,0.863,0.941,1.873,6-10 Years,43.7688867781,-79.2392287246,8.4
M1J,M1J,0.8126835332406132,Warning,193,,0.815,0.822,0.832,0.879,10.0,0.817,0.831,0.857,1.055,7.0,0.819,0.843,0.896,1.531,6-10 Years,43.7468770287,-79.2323997307,9.9
M1K,M1K,0.810083966098118,Warning,291,,0.812,0.817,0.825,0.862,10.0,0.814,0.825,0.845,1.003,8.0,0.815,0.834,0.877,1.381,6-10 Years,43.7300959078,-79.2630097694,10.2
M1L,M1L,0.8115658144489781,Warning,301,,0.814,0.82,0.829,0.872,10.0,0.816,0.828,0.852,1.033,8.0,0.817,0.839,0.888,1.467,6-10 Years,43.7135266206,-79.2843495078,10.0
M1M,M1M,0.815002716648946,Warning,326,,0.818,0.826,0.837,0.893,9.0,0.82,0.837,0.867,1.102,7.0,0.823,0.851,0.914,1.665,6-10 Years,43.7249977776,-79.230656013,9.0
M1N,M1N,0.8161338387027207,Warning,345,,0.819,0.828,0.84,0.9,9.0,0.822,0.84,0.872,1.124,7.0,0.824,0.854,0.923,1.73,6-10 Years,43.6948088037,-79.2650306188,9.0
M1P,M1P,0.8146122277738103,Warning,400,,0.818,0.825,0.836,0.89,9.0,0.82,0.836,0.866,1.094,7.0,0.822,0.849,0.911,1.643,6-10 Years,43.7624700717,-79.2703201767,9.3
M1R,M1R,0.8115758757834947,Warning,290,,0.814,0.82,0.829,0.872,10.0,0.816,0.828,0.852,1.033,8.0,0.817,0.839,0.888,1.468,6-10 Years,43.7517525178,-79.3002747401,10.1
M1S,M1S,0.8157390461523049,Warning,475,,0.819,0.827,0.839,0.897,9.0,0.821,0.839,0.871,1.116,7.0,0.824,0.853,0.92,1.708,6-10 Years,43.793878749,-79.2654870192,8.8
M1T,M1T,0.8201359360123048,Warning,341,,0.824,0.835,0.85,0.925,8.0,0.827,0.85,0.89,1.205,6.0,0.83,0.868,0.953,1.961,6-10 Years,43.7816741581,-79.3037210243,7.9
M1V,M1V,0.8123784798412171,Warning,465,,0.815,0.821,0.831,0.877,10.0,0.817,0.83,0.856,1.049,7.0,0.819,0.842,0.894,1.514,6-10 Years,43.8175558664,-79.2797398407,9.8
M1W,M1W,0.8181832601331332,Warning,461,,0.822,0.831,0.845,0.913,8.0,0.825,0.845,0.882,1.166,6.0,0.827,0.861,0.938,1.849,6-10 Years,43.8015517056,-79.3217445411,8.1
M1X,M1X,0.8176378553817898,Warning,243,,0.821,0.83,0.844,0.909,9.0,0.824,0.843,0.879,1.155,6.0,0.826,0.86,0.934,1.817,6-10 Years,43.8340169981,-79.2062706093,8.8
M2H,M2H,0.882162520965572,Warning,364,5.0,0.899,0.942,1.004,1.309,3.0,0.911,1.002,1.168,2.452,3.0,0.923,1.077,1.424,5.538,3-5 Years,43.8015196308,-79.3571476415,2.9
M2J,M2J,0.9357171574352204,Warning,941,3.0,0.963,1.035,1.138,1.64,2.0,0.983,1.134,1.409,3.529,1.0,1.004,1.258,1.831,8.626,1-2 Years,43.7804561882,-79.3477899929,2.0
M2K,M2K,0.949654536333144,Warning,649,2.0,0.98,1.059,1.172,1.727,1.0,1.002,1.168,1.471,3.809,1.0,1.024,1.305,1.936,9.43,1-2 Years,43.7782971268,-79.3802993613,1.2
M2L,M2L,1.0282761739759605,Overload,505,0.0,1.074,1.194,1.368,2.213,0.0,1.108,1.362,1.824,5.39,0.0,1.142,1.57,2.533,13.964,Overloaded Now,43.7493601227,-79.3783895141,0.1
M2M,M2M,0.9264695592684492,Warning,569,3.0,0.952,1.019,1.115,1.583,2.0,0.971,1.111,1.367,3.343,2.0,0.99,1.227,1.76,8.093,1-2 Years,43.791696176,-79.4087637041,1.9
M2N,M2N,0.9522998866944252,Warning,1629,2.0,0.983,1.063,1.179,1.743,1.0,1.006,1.175,1.483,3.862,1.0,1.028,1.314,1.957,9.582,1-2 Years,43.7677549956,-79.4095136603,1.1
M2P,M2P,1.0480736430890227,Overload,365,0.0,1.098,1.229,1.417,2.336,0.0,1.135,1.41,1.912,5.788,0.0,1.172,1.637,2.684,15.105,Overloaded Now,43.7507418511,-79.3990788781,0.1
M2R,M2R,0.9528449755465628,Warning,450,2.0,0.983,1.064,1.18,1.746,1.0,1.006,1.176,1.485,3.873,1.0,1.029,1.316,1.961,9.614,1-2 Years,43.777159049,-79.4439433742,1.1
M3A,M3A,0.8447458846734052,Warning,918,9.0,0.854,0.877,0.911,1.077,5.0,0.86,0.91,1.001,1.7,4.0,0.867,0.951,1.14,3.38,3-5 Years,43.7538514475,-79.3298971932,5.0
M3B,M3B,0.8308889714399916,Warning,642,,0.837,0.853,0.877,0.991,7.0,0.842,0.876,0.939,1.421,5.0,0.846,0.904,1.035,2.581,6-10 Years,43.7473892633,-79.3566040631,6.9
M3C,M3C,0.8298254427876354,Warning,454,,0.836,0.852,0.874,0.985,7.0,0.84,0.873,0.934,1.4,5.0,0.845,0.901,1.026,2.52,6-10 Years,43.7240669383,-79.3425372583,7.2
M3H,M3H,0.8196621404488198,Warning,623,,0.824,0.834,0.849,0.922,8.0,0.827,0.848,0.888,1.195,6.0,0.829,0.866,0.949,1.934,6-10 Years,43.7537982919,-79.4470043523,8.1
M3J,M3J,0.8192108784481521,Warning,337,,0.823,0.833,0.848,0.919,8.0,0.826,0.847,0.886,1.186,6.0,0.829,0.865,0.946,1.908,6-10 Years,43.7671992069,-79.4885588992,8.1
M3K,M3K,0.813203717791727,Warning,125,,0.816,0.823,0.833,0.882,10.0,0.818,0.832,0.859,1.065,7.0,0.82,0.845,0.9,1.561,6-10 Years,43.738686888,-79.4698751295,9.9
M3L,M3L,0.8098846610244927,Warning,111,,0.812,0.817,0.825,0.861,,0.813,0.824,0.844,0.999,8.0,0.815,0.833,0.875,1.37,Safe 10+ Years,43.7333903342,-79.5117840075,10.8
M3M,M3M,0.8084840496205934,Warning,124,,0.81,0.815,0.821,0.853,,0.811,0.821,0.838,0.971,8.0,0.813,0.829,0.864,1.289,Safe 10+ Years,43.7328725675,-79.4952306031,10.9
M3N,M3N,0.8095517764708338,Warning,155,,0.811,0.817,0.824,0.859,,0.813,0.824,0.843,0.992,8.0,0.814,0.832,0.873,1.351,Safe 10+ Years,43.7571165217,-79.5205244248,10.8
M4A,M4A,0.8167504263368547,Warning,142,,0.82,0.829,0.842,0.904,9.0,0.823,0.841,0.875,1.137,7.0,0.825,0.857,0.927,1.766,6-10 Years,43.726953003,-79.3133405631,9.1
M4B,M4B,0.8153560878057233,Warning,244,,0.818,0.827,0.838,0.895,9.0,0.821,0.838,0.869,1.109,7.0,0.823,0.852,0.917,1.686,6-10 Years,43.7067827233,-79.3099203623,9.0
M4C,M4C,0.8136203498579095,Warning,459,,0.816,0.824,0.834,0.884,9.0,0.818,0.834,0.861,1.074,7.0,0.82,0.846,0.903,1.585,6-10 Years,43.6917225157,-79.3111802519,9.1
M4E,M4E,0.8173723717809074,Warning,523,,0.821,0.83,0.843,0.908,9.0,0.823,0.843,0.878,1.149,7.0,0.826,0.859,0.932,1.802,6-10 Years,43.6783971844,-79.2942562198,8.6
M4G,M4G,0.8295066731434936,Warning,687,,0.835,0.851,0.873,0.983,7.0,0.84,0.873,0.932,1.393,5.0,0.844,0.9,1.024,2.502,6-10 Years,43.7116945298,-79.366865256,7.0
M4H,M4H,0.8852109005649939,Warning,75,5.0,0.902,0.947,1.012,1.328,3.0,0.915,1.01,1.182,2.513,3.0,0.928,1.088,1.447,5.714,3-5 Years,43.700797561,-79.3523216608,3.1
M4J,M4J,0.8137946353166838,Warning,468,,0.817,0.824,0.834,0.885,9.0,0.819,0.834,0.862,1.077,7.0,0.821,0.847,0.905,1.595,6-10 Years,43.6866387315,-79.3364093192,9.1
M4K,M4K,0.8164130899208364,Warning,468,,0.82,0.828,0.841,0.902,9.0,0.822,0.84,0.874,1.13,7.0,0.825,0.855,0.925,1.746,6-10 Years,43.6812060351,-79.353097559,8.8
M4L,M4L,0.8151746298033568,Warning,542,,0.818,0.826,0.838,0.894,9.0,0.82,0.837,0.868,1.105,7.0,0.823,0.851,0.915,1.675,6-10 Years,43.6676213576,-79.3160051565,8.8
M4M,M4M,0.8199846975593954,Warning,541,,0.824,0.835,0.85,0.924,8.0,0.827,0.849,0.89,1.202,6.0,0.83,0.867,0.952,1.952,6-10 Years,43.6471085132,-79.338233981,8.0
M4N,M4N,0.8244360039404102,Warning,654,,0.829,0.842,0.861,0.951,8.0,0.833,0.86,0.91,1.291,6.0,0.837,0.882,0.986,2.209,6-10 Years,43.7282291581,-79.3934933592,7.8
M4P,M4P,0.8298926162628666,Warning,386,,0.836,0.852,0.874,0.985,7.0,0.84,0.874,0.934,1.401,5.0,0.845,0.901,1.027,2.524,6-10 Years,43.7138566362,-79.3887157989,7.1
M4R,M4R,0.8289313295450811,Warning,370,,0.835,0.85,0.872,0.979,7.0,0.839,0.871,0.93,1.382,5.0,0.843,0.898,1.02,2.468,6-10 Years,43.7149163184,-79.4061937332,7.0
M4S,M4S,0.8526479828343613,Warning,911,8.0,0.863,0.891,0.931,1.126,5.0,0.871,0.93,1.036,1.859,4.0,0.879,0.978,1.2,3.836,3-5 Years,43.7036316916,-79.3862928507,5.0
M4T,M4T,0.8224335396066735,Warning,312,,0.827,0.839,0.856,0.939,8.0,0.83,0.855,0.901,1.251,6.0,0.834,0.876,0.97,2.094,6-10 Years,43.6915707838,-79.3841787729,8.0
M4V,M4V,0.8216143050644913,Warning,517,,0.826,0.837,0.854,0.934,8.0,0.829,0.853,0.897,1.235,6.0,0.832,0.873,0.964,2.046,6-10 Years,43.6862605196,-79.4026735043,8.0
M4W,M4W,0.8235555108095808,Warning,612,,0.828,0.841,0.859,0.946,8.0,0.832,0.858,0.906,1.274,6.0,0.835,0.879,0.979,2.158,6-10 Years,43.6792864901,-79.3771031779,7.9
M4X,M4X,0.8128128246264511,Warning,104,,0.815,0.822,0.832,0.879,10.0,0.817,0.832,0.857,1.058,7.0,0.819,0.843,0.897,1.539,6-10 Years,43.6689579684,-79.3670336232,9.8
M4Y,M4Y,0.8149596729207047,Warning,269,,0.818,0.826,0.837,0.893,9.0,0.82,0.837,0.867,1.101,7.0,0.822,0.85,0.914,1.663,6-10 Years,43.6664950232,-79.3812311344,9.1
M5A,M5A,0.8196726115686976,Warning,633,,0.824,0.834,0.849,0.922,8.0,0.827,0.848,0.888,1.196,6.0,0.83,0.866,0.949,1.934,6-10 Years,43.6549367604,-79.3618624899,8.1
M5B,M5B,0.8181387276957067,Warning,149,,0.822,0.831,0.845,0.912,8.0,0.824,0.845,0.881,1.165,6.0,0.827,0.861,0.938,1.846,6-10 Years,43.6578285673,-79.376210238,8.3
M5C,M5C,0.9295454304189474,Warning,282,3.0,0.955,1.024,1.122,1.602,2.0,0.975,1.119,1.381,3.405,2.0,0.994,1.237,1.784,8.27,1-2 Years,43.6514376508,-79.3756064149,2.2
M5E,M5E,0.8522954668025712,Warning,178,8.0,0.863,0.89,0.93,1.124,5.0,0.871,0.929,1.034,1.851,4.0,0.878,0.976,1.197,3.816,3-5 Years,43.6453879219,-79.3724750762,4.9
M5G,M5G,0.884708188261342,Warning,216,5.0,0.902,0.946,1.011,1.324,3.0,0.914,1.008,1.18,2.503,3.0,0.927,1.086,1.443,5.685,3-5 Years,43.656136127,-79.3848729908,3.0
M5H,M5H,1.0425444427660633,Overload,489,0.0,1.091,1.219,1.404,2.302,0.0,1.127,1.397,1.888,5.677,0.0,1.164,1.619,2.642,14.786,Overloaded Now,43.6498853106,-79.3829532766,-0.0
M5J,M5J,0.8204006675425304,Warning,237,,0.824,0.835,0.851,0.926,8.0,0.828,0.85,0.891,1.21,6.0,0.831,0.869,0.955,1.976,6-10 Years,43.622893949,-79.3815085257,8.1
M5M,M5M,0.8266409432050403,Warning,955,,0.832,0.846,0.866,0.965,7.0,0.836,0.866,0.919,1.336,5.0,0.84,0.89,1.002,2.336,6-10 Years,43.7306285633,-79.4186381777,7.0
M5N,M5N,0.8185495278076762,Warning,422,,0.822,0.832,0.846,0.915,8.0,0.825,0.846,0.883,1.173,6.0,0.828,0.863,0.941,1.87,6-10 Years,43.709010146,-79.4177295072,8.1
M5P,M5P,0.8195940667195031,Warning,546,,0.824,0.834,0.849,0.921,8.0,0.826,0.848,0.888,1.194,6.0,0.829,0.866,0.949,1.93,6-10 Years,43.6969319354,-79.4115454687,8.0
M5R,M5R,0.8150950079165987,Warning,533,,0.818,0.826,0.838,0.893,9.0,0.82,0.837,0.868,1.104,7.0,0.823,0.851,0.915,1.67,6-10 Years,43.6739722609,-79.4033005296,9.0
M5S,M5S,0.8090031984423708,Warning,168,,0.811,0.816,0.822,0.856,,0.812,0.822,0.84,0.981,8.0,0.814,0.83,0.868,1.319,Safe 10+ Years,43.6630196265,-79.3984790777,10.9
M5T,M5T,0.805898570754064,Warning,122,,0.807,0.81,0.815,0.837,,0.808,0.815,0.826,0.919,9.0,0.809,0.82,0.845,1.14,Safe 10+ Years,43.6535541303,-79.3972398801,11.0
M5V,M5V,0.8196305655612903,Warning,812,,0.824,0.834,0.849,0.922,8.0,0.827,0.848,0.888,1.195,6.0,0.829,0.866,0.949,1.932,6-10 Years,43.6411646352,-79.3962496245,8.2
M6A,M6A,0.8070540886360549,Warning,211,,0.808,0.812,0.818,0.844,,0.81,0.817,0.832,0.942,9.0,0.811,0.824,0.854,1.207,Safe 10+ Years,43.7223436834,-79.4509682118,10.8
M6B,M6B,0.811505081306703,Warning,327,,0.814,0.82,0.829,0.871,10.0,0.816,0.828,0.852,1.031,8.0,0.817,0.839,0.887,1.463,6-10 Years,43.7072401361,-79.4467957598,9.9
M6C,M6C,0.8157288778817328,Warning,450,,0.819,0.827,0.839,0.897,9.0,0.821,0.839,0.871,1.116,7.0,0.824,0.853,0.919,1.707,6-10 Years,43.6902745386,-79.430558625,8.8
M6E,M6E,0.8063042149702938,Warning,277,,0.808,0.811,0.816,0.839,,0.809,0.816,0.828,0.927,9.0,0.809,0.821,0.848,1.164,Safe 10+ Years,43.6883717751,-79.4506690974,11.0
M6G,M6G,0.8089025531205096,Warning,406,,0.811,0.815,0.822,0.855,,0.812,0.822,0.84,0.979,8.0,0.813,0.83,0.868,1.313,Safe 10+ Years,43.6686286953,-79.4204974605,11.0
M6H,M6H,0.8069859984656221,Warning,385,,0.808,0.812,0.817,0.843,,0.809,0.817,0.831,0.94,9.0,0.81,0.824,0.853,1.203,Safe 10+ Years,43.6653428032,-79.437948677,11.1
M6J,M6J,0.8079737752615723,Warning,389,,0.81,0.814,0.82,0.849,,0.811,0.82,0.836,0.96,8.0,0.812,0.827,0.861,1.26,Safe 10+ Years,43.647964106,-79.4177810233,11.1
M6K,M6K,0.8100119357582901,Warning,398,,0.812,0.817,0.825,0.862,10.0,0.814,0.825,0.845,1.001,8.0,0.815,0.834,0.876,1.377,6-10 Years,43.637601397,-79.4277746929,10.3
M6L,M6L,0.8080501987857537,Warning,120,,0.81,0.814,0.82,0.85,,0.811,0.82,0.836,0.962,8.0,0.812,0.827,0.861,1.264,Safe 10+ Years,43.7139119124,-79.4887191025,10.8
M6M,M6M,0.806562918769772,Warning,214,,0.808,0.811,0.816,0.841,,0.809,0.816,0.829,0.932,9.0,0.81,0.822,0.85,1.178,Safe 10+ Years,43.6953550653,-79.4818932361,11.1
M6N,M6N,0.8075548938740778,Warning,286,,0.809,0.813,0.819,0.847,,0.81,0.819,0.834,0.952,9.0,0.811,0.825,0.857,1.236,Safe 10+ Years,43.6748422384,-79.4842153651,11.0
M6P,M6P,0.813762414058811,Warning,516,,0.817,0.824,0.834,0.885,9.0,0.819,0.834,0.862,1.077,7.0,0.821,0.846,0.905,1.594,6-10 Years,43.6607093099,-79.4647595387,9.2
M6R,M6R,0.8127477394092165,Warning,359,,0.815,0.822,0.832,0.879,10.0,0.817,0.831,0.857,1.056,7.0,0.819,0.843,0.897,1.535,6-10 Years,43.6477686732,-79.4490137573,9.8
M6S,M6S,0.8222879067125879,Warning,778,,0.827,0.839,0.855,0.938,8.0,0.83,0.855,0.9,1.248,6.0,0.833,0.875,0.969,2.085,6-10 Years,43.6499193753,-79.479629417,7.8
M8V,M8V,0.8241718644029182,Warning,796,,0.829,0.842,0.86,0.95,8.0,0.833,0.859,0.908,1.286,6.0,0.836,0.882,0.984,2.194,6-10 Years,43.6079312035,-79.4999288809,7.9
M8W,M8W,0.8177538089571522,Warning,406,,0.821,0.831,0.844,0.91,9.0,0.824,0.844,0.88,1.157,6.0,0.827,0.86,0.935,1.824,6-10 Years,43.6011983516,-79.539521078,9.0
M8X,M8X,0.8324054332149431,Warning,412,10.0,0.839,0.856,0.881,1.001,7.0,0.844,0.88,0.945,1.452,5.0,0.849,0.909,1.046,2.669,6-10 Years,43.6536563161,-79.5106111014,6.9
M8Y,M8Y,0.8217121792477281,Warning,470,,0.826,0.838,0.854,0.934,8.0,0.829,0.853,0.897,1.237,6.0,0.833,0.873,0.965,2.052,6-10 Years,43.6350637244,-79.4946430412,8.0
M8Z,M8Z,0.8287831362545527,Warning,778,,0.835,0.85,0.872,0.978,7.0,0.839,0.871,0.929,1.379,5.0,0.843,0.897,1.019,2.46,6-10 Years,43.6251895132,-79.5235377262,7.1
M9A,M9A,0.8313538176381116,Warning,743,,0.838,0.854,0.878,0.994,7.0,0.842,0.877,0.941,1.43,5.0,0.847,0.906,1.038,2.608,6-10 Years,43.6658712017,-79.52869845,6.8
M9B,M9B,0.830785374519782,Warning,689,,0.837,0.853,0.877,0.991,7.0,0.842,0.876,0.938,1.419,5.0,0.846,0.904,1.034,2.575,6-10 Years,43.6523598023,-79.5543035046,7.0
M9C,M9C,0.8202859738402536,Warning,490,,0.824,0.835,0.85,0.926,8.0,0.827,0.85,0.891,1.208,6.0,0.83,0.868,0.954,1.97,6-10 Years,43.6422858922,-79.5765250065,8.0
M9L,M9L,0.8142854312561753,Warning,160,,0.817,0.825,0.836,0.888,9.0,0.819,0.835,0.864,1.087,7.0,0.821,0.848,0.908,1.624,6-10 Years,43.7588962267,-79.5562478206,9.0
M9M,M9M,0.8110183437910112,Warning,158,,0.813,0.819,0.827,0.868,10.0,0.815,0.827,0.849,1.022,8.0,0.817,0.837,0.884,1.435,6-10 Years,43.7352603597,-79.5380315769,10.0
M9N,M9N,0.8107406346286182,Warning,185,,0.813,0.819,0.827,0.867,10.0,0.814,0.826,0.848,1.016,8.0,0.816,0.836,0.882,1.419,6-10 Years,43.7037935449,-79.5159948077,10.2
M9P,M9P,0.817406965476056,Warning,214,,0.821,0.83,0.843,0.908,9.0,0.823,0.843,0.878,1.15,7.0,0.826,0.859,0.932,1.804,6-10 Years,43.6949343975,-79.5324251696,8.7
M9R,M9R,0.8210027487275608,Warning,256,,0.825,0.836,0.852,0.93,8.0,0.828,0.852,0.894,1.222,6.0,0.832,0.871,0.959,2.011,6-10 Years,43.6876068798,-79.5583671737,8.0
M9V,M9V,0.8136030393902967,Warning,343,,0.816,0.824,0.834,0.884,9.0,0.818,0.833,0.861,1.074,7.0,0.82,0.846,0.903,1.584,6-10 Years,43.7424957007,-79.5841977487,9.3
M9W,M9W,0.8451996404676124,Warning,1465,9.0,0.854,0.878,0.912,1.08,5.0,0.861,0.911,1.003,1.709,4.0,0.868,0.953,1.143,3.406,3-5 Years,43.7145648805,-79.5893525038,5.1
N0A,West Haldimand (Port Dover),0.8027985570052393,Warning,392,,0.803,0.805,0.807,0.817,,0.804,0.807,0.813,0.856,,0.804,0.809,0.821,0.961,Safe 10+ Years,42.9403,-79.945,11.0
N0B,Wellington (Elora),0.825164936653045,Warning,2206,,0.83,0.843,0.863,0.956,7.0,0.834,0.862,0.913,1.306,6.0,0.838,0.885,0.991,2.251,6-10 Years,43.5569,-80.4414,6.9
N0C,Georgian Bay Southwest Shore (Dundalk),0.8214194516095656,Warning,212,,0.826,0.837,0.853,0.933,8.0,0.829,0.853,0.896,1.231,6.0,0.832,0.872,0.963,2.035,6-10 Years,44.2561,-80.5029,7.9
N0E,Brant and Norfolk (Waterford),0.8024365376647856,Warning,387,,0.803,0.804,0.806,0.815,,0.803,0.806,0.811,0.849,,0.804,0.808,0.819,0.941,Safe 10+ Years,42.6618,-80.5572,11.0
N0G,Huron (Wingham),0.802294107147934,Warning,761,,0.803,0.804,0.806,0.814,,0.803,0.806,0.81,0.846,,0.803,0.808,0.817,0.932,Safe 10+ Years,44.0024,-81.0676,11.0
N0H,Bruce Peninsula (Wiarton),0.803889015534863,Warning,987,,0.805,0.807,0.81,0.824,,0.805,0.81,0.817,0.878,10.0,0.806,0.813,0.83,1.024,Safe 10+ Years,44.6941,-81.0962,11.0
N0J,Oxford (Norwich),0.8027985930500411,Warning,380,,0.803,0.805,0.807,0.817,,0.804,0.807,0.813,0.856,,0.804,0.809,0.821,0.961,Safe 10+ Years,42.9775,-80.7057,11.0
N0K,Perth (Mitchell),0.8016832091970059,Warning,163,,0.802,0.803,0.804,0.81,,0.802,0.804,0.808,0.834,,0.803,0.806,0.813,0.897,Safe 10+ Years,43.5067,-81.1582,11.1
N0L,Elgin (Dorchester),0.8041353474082295,Warning,761,,0.805,0.807,0.81,0.826,,0.806,0.81,0.819,0.883,10.0,0.806,0.814,0.831,1.038,Safe 10+ Years,42.7557,-81.4533,11.0
N0M,Middlesex (Clinton),0.8030206912108043,Warning,776,,0.804,0.805,0.808,0.819,,0.804,0.807,0.814,0.861,,0.805,0.81,0.823,0.974,Safe 10+ Years,43.2788,-81.5442,11.0
N0N,Lambton (Forest),0.8190320144941509,Warning,357,,0.823,0.833,0.847,0.918,8.0,0.826,0.847,0.885,1.183,6.0,0.829,0.864,0.945,1.897,6-10 Years,42.9062,-82.11,8.1
N0P,Kent (Blenheim),0.8022501634914402,Warning,416,,0.803,0.804,0.806,0.814,,0.803,0.806,0.81,0.845,,0.803,0.808,0.817,0.93,Safe 10+ Years,42.4045,-81.9107,11.0
N0R,Essex (Belle River),0.8044090446329195,Warning,588,,0.805,0.808,0.811,0.827,,0.806,0.811,0.82,0.889,10.0,0.807,0.815,0.833,1.054,Safe 10+ Years,42.1783,-82.7715,11.0
N1A,Dunnville,0.8029934725328846,Warning,79,,0.804,0.805,0.807,0.819,,0.804,0.807,0.813,0.86,,0.804,0.81,0.823,0.973,Safe 10+ Years,42.9001,-79.6163,11.0
N1C,Guelph South,0.8309259866040296,Warning,110,,0.837,0.853,0.877,0.991,7.0,0.842,0.876,0.939,1.422,5.0,0.846,0.904,1.035,2.583,6-10 Years,43.4921,-80.2267,7.0
N1E,Guelph North,0.8212820529145024,Warning,769,,0.826,0.837,0.853,0.932,8.0,0.829,0.852,0.895,1.228,6.0,0.832,0.872,0.962,2.027,6-10 Years,43.5677,-80.2418,8.0
N1G,Guelph Central,0.8213107847580687,Warning,582,,0.826,0.837,0.853,0.932,8.0,0.829,0.852,0.896,1.228,6.0,0.832,0.872,0.962,2.029,6-10 Years,43.5184,-80.2257,7.9
N1H,Guelph Northwest,0.8157483549099176,Warning,688,,0.819,0.827,0.839,0.898,9.0,0.821,0.839,0.871,1.117,7.0,0.824,0.853,0.92,1.708,6-10 Years,43.5588,-80.3004,9.1
N1K,Guelph West,0.8268401220397299,Warning,223,,0.832,0.846,0.867,0.966,7.0,0.836,0.866,0.92,1.34,5.0,0.84,0.891,1.004,2.348,6-10 Years,43.526,-80.3051,6.8
N1L,Guelph East,0.8263144419462929,Warning,438,,0.832,0.845,0.865,0.963,7.0,0.836,0.865,0.918,1.329,6.0,0.839,0.889,1.0,2.317,6-10 Years,43.516,-80.19,7.1
N1M,Fergus,0.816894946077706,Warning,322,,0.82,0.829,0.842,0.905,9.0,0.823,0.842,0.876,1.14,7.0,0.825,0.857,0.928,1.774,6-10 Years,43.7001,-80.3664,8.9
N1P,Cambridge South,0.8146804238390563,Warning,116,,0.818,0.825,0.837,0.891,9.0,0.82,0.836,0.866,1.095,7.0,0.822,0.85,0.911,1.647,6-10 Years,43.3398,-80.2955,9.1
N1R,Cambridge Central,0.8101642802123198,Warning,489,,0.812,0.818,0.825,0.863,10.0,0.814,0.825,0.846,1.004,8.0,0.815,0.834,0.877,1.386,6-10 Years,43.3666,-80.2239,10.0
N1S,Cambridge Southwest,0.8191901591595544,Warning,428,,0.823,0.833,0.848,0.919,8.0,0.826,0.847,0.886,1.186,6.0,0.829,0.865,0.946,1.907,6-10 Years,43.3592,-80.3347,8.3
N1T,Cambridge East,0.8218229924470436,Warning,411,,0.826,0.838,0.854,0.935,8.0,0.829,0.854,0.898,1.239,6.0,0.833,0.874,0.966,2.058,6-10 Years,43.3849,-80.2833,7.9
N2A,Kitchener East,0.8181009660979327,Warning,598,,0.822,0.831,0.845,0.912,9.0,0.824,0.845,0.881,1.164,6.0,0.827,0.861,0.937,1.844,6-10 Years,43.4413,-80.4246,8.9
N2B,Kitchener Northeast,0.8124522262088988,Warning,276,,0.815,0.822,0.831,0.877,10.0,0.817,0.831,0.856,1.05,7.0,0.819,0.842,0.895,1.518,6-10 Years,43.4646,-80.4467,9.5
N2C,Kitchener South Central,0.8113963387521334,Warning,187,,0.814,0.82,0.828,0.871,10.0,0.815,0.828,0.851,1.029,8.0,0.817,0.838,0.887,1.457,6-10 Years,43.4182,-80.4451,10.1
N2E,Kitchener Southwest,0.8130601110965944,Warning,509,,0.816,0.823,0.832,0.881,10.0,0.818,0.832,0.859,1.063,7.0,0.82,0.844,0.899,1.553,6-10 Years,43.4106,-80.5011,9.9
N2G,Kitchener Central,0.8133025620174268,Warning,272,,0.816,0.823,0.833,0.882,10.0,0.818,0.833,0.86,1.067,7.0,0.82,0.845,0.901,1.567,6-10 Years,43.4443,-80.4891,9.5
N2H,Kitchener North Central,0.8139640431492883,Warning,422,,0.817,0.824,0.835,0.886,9.0,0.819,0.834,0.863,1.081,7.0,0.821,0.847,0.906,1.605,6-10 Years,43.4581,-80.4818,9.5
N2J,Waterloo Southeast,0.8084546242081846,Warning,428,,0.81,0.815,0.821,0.852,,0.811,0.821,0.838,0.97,8.0,0.813,0.829,0.864,1.288,Safe 10+ Years,43.504,-80.5366,10.8
N2K,Kitchener North,0.8202615328230869,Warning,823,,0.824,0.835,0.85,0.925,8.0,0.827,0.85,0.891,1.207,6.0,0.83,0.868,0.954,1.968,6-10 Years,43.4961,-80.4936,8.0
N2L,Waterloo South,0.8116136351413504,Warning,631,,0.814,0.82,0.829,0.872,10.0,0.816,0.829,0.852,1.034,8.0,0.817,0.839,0.888,1.47,6-10 Years,43.4715,-80.5454,9.9
N2M,Kitchener Northwest,0.8099293469789776,Warning,402,,0.812,0.817,0.825,0.861,,0.813,0.824,0.845,1.0,8.0,0.815,0.834,0.875,1.373,Safe 10+ Years,43.4363,-80.5093,10.9
N2N,Kitchener West,0.8147010259246034,Warning,441,,0.818,0.825,0.837,0.891,9.0,0.82,0.836,0.866,1.096,7.0,0.822,0.85,0.912,1.648,6-10 Years,43.426,-80.5438,8.7
N2P,Kitchener Southeast,0.8281411676337911,Warning,726,,0.834,0.849,0.87,0.974,7.0,0.838,0.869,0.926,1.366,5.0,0.842,0.895,1.014,2.423,6-10 Years,43.3878,-80.4296,7.1
N2R,Kitchener South,0.8323766975425965,Warning,632,10.0,0.839,0.856,0.881,1.0,7.0,0.844,0.88,0.945,1.451,5.0,0.849,0.909,1.046,2.667,6-10 Years,43.3849,-80.487,6.9
N2T,Waterloo Southwest,0.825683258526274,Warning,586,,0.831,0.844,0.864,0.959,7.0,0.835,0.863,0.915,1.316,6.0,0.839,0.887,0.995,2.281,6-10 Years,43.453,-80.5692,7.0
N2V,Waterloo Northwest,0.8188366740868405,Warning,596,,0.823,0.833,0.847,0.917,8.0,0.825,0.846,0.884,1.179,6.0,0.828,0.864,0.943,1.886,6-10 Years,43.4764,-80.5842,8.2
N2Z,Kincardine,0.8044417056815049,Warning,259,,0.805,0.808,0.811,0.828,,0.806,0.811,0.82,0.889,10.0,0.807,0.815,0.834,1.056,Safe 10+ Years,44.1664,-81.601,11.0
N3A,Baden,0.8191257083068202,Warning,418,,0.823,0.833,0.848,0.918,8.0,0.826,0.847,0.886,1.185,6.0,0.829,0.865,0.945,1.903,6-10 Years,43.4001,-80.6497,8.3
N3B,Elmira,0.8139466834524782,Warning,234,,0.817,0.824,0.835,0.886,9.0,0.819,0.834,0.863,1.08,7.0,0.821,0.847,0.906,1.604,6-10 Years,43.6001,-80.5497,9.0
N3C,Cambridge Northeast,0.8187864160872816,Warning,537,,0.823,0.832,0.847,0.916,8.0,0.825,0.846,0.884,1.178,6.0,0.828,0.863,0.943,1.883,6-10 Years,43.4389,-80.2649,8.0
N3E,Cambridge Northwest,0.8277801756900601,Warning,106,,0.833,0.848,0.869,0.972,7.0,0.838,0.868,0.925,1.359,5.0,0.842,0.894,1.011,2.402,6-10 Years,43.4193,-80.3505,7.2
N3H,Cambridge West,0.812537716770343,Warning,354,,0.815,0.822,0.831,0.878,10.0,0.817,0.831,0.856,1.052,7.0,0.819,0.842,0.895,1.523,6-10 Years,43.4267,-80.3699,9.8
N3L,Paris,0.8194289617076339,Warning,440,,0.823,0.834,0.848,0.92,8.0,0.826,0.848,0.887,1.191,6.0,0.829,0.866,0.948,1.92,6-10 Years,43.2,-80.3833,8.2
N3P,Brantford Northeast,0.8091398060612283,Warning,70,,0.811,0.816,0.823,0.857,,0.812,0.822,0.841,0.984,8.0,0.814,0.831,0.869,1.327,Safe 10+ Years,43.1818,-80.2367,10.8
N3R,Brantford Central,0.8098350559242881,Warning,367,,0.812,0.817,0.824,0.861,,0.813,0.824,0.844,0.998,8.0,0.815,0.833,0.875,1.367,Safe 10+ Years,43.1692,-80.2684,10.7
N3S,Brantford Southeast,0.8071585142502457,Warning,246,,0.809,0.812,0.818,0.844,,0.81,0.818,0.832,0.944,9.0,0.811,0.824,0.854,1.213,Safe 10+ Years,43.1394,-80.2357,11.0
N3T,Brantford Southwest,0.8161534741180998,Warning,706,,0.819,0.828,0.84,0.9,9.0,0.822,0.84,0.872,1.125,7.0,0.824,0.855,0.923,1.731,6-10 Years,43.131,-80.3254,9.0
N3V,Brantford Northwest,0.8220956388877783,Warning,51,,0.827,0.838,0.855,0.937,8.0,0.83,0.854,0.899,1.244,6.0,0.833,0.875,0.968,2.074,6-10 Years,43.1734,-80.298,8.0
N3W,Caledonia,0.834374855428122,Warning,295,10.0,0.841,0.859,0.886,1.013,6.0,0.846,0.885,0.954,1.491,5.0,0.852,0.916,1.061,2.782,6-10 Years,43.0668,-79.9329,6.2
N3Y,Simcoe,0.804116224434794,Warning,221,,0.805,0.807,0.81,0.825,,0.806,0.81,0.818,0.883,10.0,0.806,0.814,0.831,1.037,Safe 10+ Years,42.8334,-80.2997,11.1
N4B,Delhi,0.8032654776579008,Warning,51,,0.804,0.806,0.808,0.82,,0.804,0.808,0.815,0.866,,0.805,0.811,0.825,0.988,Safe 10+ Years,42.8501,-80.4997,11.0
N4G,Tillsonburg,0.8047239128430551,Warning,258,,0.806,0.808,0.812,0.829,,0.806,0.812,0.821,0.895,10.0,0.807,0.816,0.836,1.072,Safe 10+ Years,42.8599,-80.7262,11.0
N4K,Owen Sound,0.8143026744372448,Warning,306,,0.817,0.825,0.836,0.889,9.0,0.819,0.835,0.864,1.088,7.0,0.821,0.848,0.909,1.625,6-10 Years,44.5672,-80.9435,9.0
N4L,Meaford,0.8032518461376453,Warning,85,,0.804,0.806,0.808,0.82,,0.804,0.808,0.815,0.865,,0.805,0.811,0.825,0.988,Safe 10+ Years,44.6001,-80.583,11.1
N4N,Hanover,0.8030333724342886,Warning,93,,0.804,0.805,0.808,0.819,,0.804,0.807,0.814,0.861,,0.805,0.81,0.823,0.975,Safe 10+ Years,44.1501,-81.033,11.2
N4S,Woodstock Central,0.8080237593629809,Warning,380,,0.81,0.814,0.82,0.85,,0.811,0.82,0.836,0.961,8.0,0.812,0.827,0.861,1.263,Safe 10+ Years,43.1432,-80.7338,11.0
N4T,Woodstock North,0.8237009746675376,Warning,297,,0.828,0.841,0.859,0.947,8.0,0.832,0.858,0.906,1.277,6.0,0.836,0.88,0.98,2.167,6-10 Years,43.1485,-80.7319,7.9
N4V,Woodstock South,0.818237074912978,Warning,63,,0.822,0.832,0.845,0.913,8.0,0.825,0.845,0.882,1.167,6.0,0.827,0.862,0.938,1.852,6-10 Years,43.115,-80.743,8.0
N4W,Listowel,0.8181197528135856,Warning,189,,0.822,0.831,0.845,0.912,9.0,0.824,0.845,0.881,1.164,6.0,0.827,0.861,0.938,1.845,6-10 Years,43.7334,-80.9497,9.0
N4X,St. Mary's,0.8040759555542825,Warning,155,,0.805,0.807,0.81,0.825,,0.806,0.81,0.818,0.882,10.0,0.806,0.814,0.831,1.035,Safe 10+ Years,43.2655,-81.1687,11.1
N4Z,Stratford South,0.8156141438228688,Warning,39,,0.819,0.827,0.839,0.897,9.0,0.821,0.838,0.87,1.114,7.0,0.823,0.853,0.919,1.7,6-10 Years,43.3634,-81.0069,8.8
N5A,Stratford North,0.8084655576530655,Warning,450,,0.81,0.815,0.821,0.852,,0.811,0.821,0.838,0.97,8.0,0.813,0.829,0.864,1.288,Safe 10+ Years,43.3668,-80.9497,10.8
N5C,Ingersoll,0.8132730754022467,Warning,200,,0.816,0.823,0.833,0.882,10.0,0.818,0.833,0.86,1.067,7.0,0.82,0.845,0.901,1.565,6-10 Years,43.0334,-80.883,9.9
N5H,Aylmer,0.8021405121389635,Warning,97,,0.803,0.804,0.805,0.813,,0.803,0.805,0.81,0.843,,0.803,0.807,0.816,0.923,Safe 10+ Years,42.7668,-80.983,11.2
N5L,Port Stanley,0.80443200802493,Warning,56,,0.805,0.808,0.811,0.827,,0.806,0.811,0.82,0.889,10.0,0.807,0.815,0.834,1.056,Safe 10+ Years,42.6668,-81.2164,11.0
N5P,St. Thomas North,0.8058054508582277,Warning,221,,0.807,0.81,0.814,0.836,,0.808,0.814,0.826,0.917,9.0,0.809,0.82,0.844,1.135,Safe 10+ Years,42.7779,-81.1769,11.2
N5R,St. Thomas South,0.8084909281006939,Warning,315,,0.81,0.815,0.821,0.853,,0.811,0.821,0.838,0.971,8.0,0.813,0.829,0.864,1.29,Safe 10+ Years,42.7597,-81.1762,10.9
N5V,London (YXU / North and East Argyle / East Huron Heights),0.8073633382682106,Warning,289,,0.809,0.813,0.818,0.846,,0.81,0.818,0.833,0.948,9.0,0.811,0.825,0.856,1.225,Safe 10+ Years,43.0233,-81.1643,10.9
N5W,London East (SW Argyle / Hamilton Road),0.8048643990896558,Warning,167,,0.806,0.808,0.812,0.83,,0.807,0.812,0.822,0.898,10.0,0.807,0.816,0.837,1.081,Safe 10+ Years,42.9856,-81.1821,11.1
N5X,London (Fanshawe / Stoneybrook / Stoney Creek / Uplands / East Masonville),0.8157505345835222,Warning,645,,0.819,0.827,0.839,0.898,9.0,0.821,0.839,0.871,1.117,7.0,0.824,0.853,0.92,1.708,6-10 Years,43.0443,-81.2391,9.0
N5Y,London (West Huron Heights / Carling),0.8051973245291494,Warning,195,,0.806,0.809,0.813,0.832,,0.807,0.813,0.823,0.905,10.0,0.808,0.818,0.839,1.1,Safe 10+ Years,43.0123,-81.2307,11.1
N5Z,London (Glen Cairn),0.8046575253133307,Warning,154,,0.806,0.808,0.812,0.829,,0.806,0.811,0.821,0.894,10.0,0.807,0.816,0.835,1.069,Safe 10+ Years,42.966,-81.2053,11.1
N6A,London North (UWO),0.8064867953118728,Warning,224,,0.808,0.811,0.816,0.84,,0.809,0.816,0.829,0.93,9.0,0.81,0.822,0.849,1.174,Safe 10+ Years,42.9976,-81.2563,10.8
N6B,London Central,0.8046106491881243,Warning,94,,0.806,0.808,0.811,0.829,,0.806,0.811,0.821,0.893,10.0,0.807,0.816,0.835,1.066,Safe 10+ Years,42.9835,-81.2386,10.9
N6C,London South (East Highland / North White Oaks / North Westminster),0.8082717054054477,Warning,348,,0.81,0.814,0.821,0.851,,0.811,0.82,0.837,0.966,8.0,0.812,0.828,0.863,1.277,Safe 10+ Years,42.9582,-81.238,10.9
N6E,London (South White Oaks / Central Westminster / East Longwoods / West Brockley),0.8057020769482339,Warning,208,,0.807,0.81,0.814,0.835,,0.808,0.814,0.826,0.915,9.0,0.809,0.819,0.843,1.129,Safe 10+ Years,42.9185,-81.2244,11.1
N6G,London (Sunningdale / West Masonville / Medway / NE Hyde Park / East Fox Hollow),0.8139313468879577,Warning,926,,0.817,0.824,0.835,0.886,9.0,0.819,0.834,0.862,1.08,7.0,0.821,0.847,0.906,1.603,6-10 Years,43.0147,-81.3049,8.8
N6H,London West (Central Hyde Park / Oakridge),0.8109324489526515,Warning,566,,0.813,0.819,0.827,0.868,10.0,0.815,0.827,0.849,1.02,8.0,0.816,0.837,0.883,1.43,6-10 Years,42.9915,-81.3402,10.0
N6J,London (Southcrest / East Westmount / West Highland),0.8056821432662848,Warning,191,,0.807,0.81,0.814,0.835,,0.808,0.814,0.825,0.914,9.0,0.809,0.819,0.843,1.128,Safe 10+ Years,42.9546,-81.2735,11.0
N6K,London (Riverbend / Woodhull / North Sharon Creek / Byron / West Westmount),0.814508707506161,Warning,715,,0.817,0.825,0.836,0.89,9.0,0.82,0.836,0.865,1.092,7.0,0.822,0.849,0.91,1.637,6-10 Years,42.9536,-81.3418,9.2
N6L,London (East Tempo),0.8115412337856732,Warning,130,,0.814,0.82,0.829,0.871,10.0,0.816,0.828,0.852,1.032,8.0,0.817,0.839,0.888,1.466,6-10 Years,42.8719,-81.2472,10.0
N6M,London (Jackson / Old Victoria / Bradley / North Highbury),0.8198899767054282,Warning,156,,0.824,0.834,0.849,0.923,8.0,0.827,0.849,0.889,1.2,6.0,0.83,0.867,0.951,1.947,6-10 Years,42.9632,-81.1392,8.3
N6N,London (South Highbury / Glanworth / East Brockley / SE Westminster),0.8036932345139384,Warning,25,,0.804,0.806,0.809,0.823,,0.805,0.809,0.817,0.874,10.0,0.806,0.812,0.828,1.013,Safe 10+ Years,42.8997,-81.1592,11.0
N6P,London (Talbot / Lambeth / West Tempo / South Sharon Creek),0.8157706497449844,Warning,305,,0.819,0.827,0.839,0.898,9.0,0.821,0.839,0.871,1.117,7.0,0.824,0.853,0.92,1.709,6-10 Years,42.8909,-81.3236,8.9
N7A,Goderich,0.8042854364345167,Warning,150,,0.805,0.807,0.811,0.827,,0.806,0.811,0.819,0.886,10.0,0.806,0.814,0.833,1.047,Safe 10+ Years,43.7501,-81.7165,11.1
N7G,Strathroy,0.8165149251119882,Warning,256,,0.82,0.829,0.841,0.902,9.0,0.822,0.841,0.874,1.132,7.0,0.825,0.856,0.925,1.752,6-10 Years,42.9551,-81.6223,9.1
N7L,Chatham Northwest,0.8088871307003768,Warning,167,,0.811,0.815,0.822,0.855,,0.812,0.822,0.84,0.979,8.0,0.813,0.83,0.867,1.312,Safe 10+ Years,42.4209,-82.1993,10.8
N7M,Chatham Southeast,0.8092519953893075,Warning,234,,0.811,0.816,0.823,0.857,,0.812,0.823,0.841,0.986,8.0,0.814,0.831,0.87,1.334,Safe 10+ Years,42.4238,-82.1183,10.6
N7S,Sarnia Central,0.8068456807724942,Warning,247,,0.808,0.812,0.817,0.842,,0.809,0.817,0.831,0.938,9.0,0.81,0.823,0.852,1.195,Safe 10+ Years,42.9888,-82.3592,11.0
N7T,Sarnia Southwest,0.808878839386843,Warning,171,,0.811,0.815,0.822,0.855,,0.812,0.822,0.84,0.979,8.0,0.813,0.83,0.867,1.312,Safe 10+ Years,42.9578,-82.2777,10.9
N7V,Sarnia Northwest,0.8050991345301616,Warning,79,,0.806,0.809,0.813,0.832,,0.807,0.813,0.823,0.903,10.0,0.808,0.817,0.839,1.094,Safe 10+ Years,42.9998,-82.3926,11.0
N7W,Sarnia Southeast,0.8095165263549208,Warning,36,,0.811,0.816,0.824,0.859,,0.813,0.823,0.843,0.991,8.0,0.814,0.832,0.872,1.349,Safe 10+ Years,42.9644,-82.3259,10.9
N7X,Sarnia Northeast,0.8183302498840069,Warning,38,,0.822,0.832,0.846,0.913,8.0,0.825,0.845,0.882,1.169,6.0,0.827,0.862,0.939,1.857,6-10 Years,43.0214,-82.3212,8.0
N8A,Wallaceburg,0.8056752594907652,Warning,53,,0.807,0.81,0.814,0.835,,0.808,0.814,0.825,0.914,9.0,0.809,0.819,0.843,1.127,Safe 10+ Years,42.593,-82.3885,10.9
N8H,Leamington,0.8035150370987824,Warning,175,,0.804,0.806,0.809,0.822,,0.805,0.809,0.816,0.871,10.0,0.805,0.812,0.827,1.003,Safe 10+ Years,42.0549,-82.6062,11.1
N8M,Essex,0.8050266887336786,Warning,126,,0.806,0.809,0.813,0.831,,0.807,0.812,0.823,0.901,10.0,0.808,0.817,0.838,1.09,Safe 10+ Years,42.1751,-82.8248,11.0
N8N,Tecumseh Outskirts,0.8148806936418949,Warning,384,,0.818,0.826,0.837,0.892,9.0,0.82,0.837,0.867,1.099,7.0,0.822,0.85,0.913,1.658,6-10 Years,42.2946,-82.8667,9.2
N8P,Windsor (East Riverside),0.8170419387697528,Warning,194,,0.82,0.829,0.842,0.906,9.0,0.823,0.842,0.876,1.143,7.0,0.826,0.858,0.929,1.783,6-10 Years,42.3276,-82.9104,9.2
N8R,Windsor (East Forest Glade),0.8144777875050029,Warning,106,,0.817,0.825,0.836,0.89,9.0,0.82,0.836,0.865,1.091,7.0,0.822,0.849,0.91,1.635,6-10 Years,42.3067,-82.915,9.1
N8S,Windsor (Riverside),0.8056939470971445,Warning,149,,0.807,0.81,0.814,0.835,,0.808,0.814,0.826,0.914,9.0,0.809,0.819,0.843,1.128,Safe 10+ Years,42.3283,-82.9472,10.9
N8T,Windsor (West Forest Glade / East Fontainbleu),0.8045630562728848,Warning,75,,0.805,0.808,0.811,0.828,,0.806,0.811,0.82,0.892,10.0,0.807,0.815,0.835,1.063,Safe 10+ Years,42.3037,-82.9459,11.0
N8W,Windsor (South Walkerville / West Fontainbleu / Walker Farm / Devonshire),0.80845203575999,Warning,186,,0.81,0.815,0.821,0.852,,0.811,0.821,0.838,0.97,8.0,0.813,0.829,0.864,1.287,Safe 10+ Years,42.2836,-82.9771,11.0
N8X,Windsor South Central (West Walkerville / Remington Park),0.8083082452480108,Warning,138,,0.81,0.814,0.821,0.851,,0.811,0.82,0.837,0.967,8.0,0.812,0.828,0.863,1.279,Safe 10+ Years,42.2926,-83.0186,10.7
N8Y,Windsor East (East Walkerville),0.8055750780559574,Warning,114,,0.807,0.81,0.814,0.835,,0.808,0.814,0.825,0.912,9.0,0.808,0.819,0.842,1.121,Safe 10+ Years,42.3176,-82.9929,10.9
N9A,Windsor (City Centre / NW Walkerville),0.80713059010188,Warning,215,,0.809,0.812,0.818,0.844,,0.81,0.818,0.832,0.943,9.0,0.811,0.824,0.854,1.211,Safe 10+ Years,42.2007,-83.0276,10.9
N9B,Windsor (University / South Cameron),0.8049068316946855,Warning,110,,0.806,0.808,0.812,0.83,,0.807,0.812,0.822,0.899,10.0,0.807,0.817,0.837,1.083,Safe 10+ Years,42.2949,-83.052,10.9
N9C,Windsor (Sandwich / Ojibway / West Malden),0.8021613052100008,Warning,37,,0.803,0.804,0.805,0.813,,0.803,0.805,0.81,0.843,,0.803,0.807,0.816,0.925,Safe 10+ Years,42.2767,-83.0793,11.0
N9E,Windsor South (East Malden),0.811409028374943,Warning,238,,0.814,0.82,0.828,0.871,10.0,0.815,0.828,0.851,1.029,8.0,0.817,0.839,0.887,1.458,6-10 Years,42.2652,-83.0314,10.0
N9G,Windsor (Roseland),0.81792076830879,Warning,264,,0.822,0.831,0.845,0.911,9.0,0.824,0.844,0.88,1.16,6.0,0.827,0.86,0.936,1.833,6-10 Years,42.2481,-82.9952,8.7
N9H,La Salle East,0.820076305792452,Warning,285,,0.824,0.835,0.85,0.924,8.0,0.827,0.849,0.89,1.204,6.0,0.83,0.868,0.952,1.958,6-10 Years,42.2318,-83.0281,8.1
N9J,La Salle West,0.8137542210989116,Warning,327,,0.817,0.824,0.834,0.885,9.0,0.819,0.834,0.862,1.077,7.0,0.821,0.846,0.904,1.593,6-10 Years,42.2187,-83.0801,9.3
N9K,Tecumseh Central,0.8188489614782754,Warning,56,,0.823,0.833,0.847,0.917,8.0,0.825,0.846,0.885,1.179,6.0,0.828,0.864,0.943,1.887,6-10 Years,42.2978,-82.8701,8.0
N9V,Amherstburg,0.8202887302062692,Warning,300,,0.824,0.835,0.85,0.926,8.0,0.827,0.85,0.891,1.208,6.0,0.83,0.868,0.954,1.97,6-10 Years,42.1168,-83.0498,8.0
N9Y,Kingsville,0.8377516922517587,Warning,196,10.0,0.845,0.865,0.894,1.034,6.0,0.851,0.893,0.969,1.559,5.0,0.857,0.927,1.087,2.977,6-10 Years,42.0502,-82.7598,6.1
